{"initial_reset_timestamp": 1570518555.2537444, "timestamps": [1570518558.8775086], "episode_lengths": [208], "episode_rewards": [208.0], "episode_types": ["t"]}